"last_name, first_name","player_id","year","home_run","k_percent","slg_percent","xba","xslg","woba","xwoba","xobp","xiso","avg_swing_speed","fast_swing_rate","blasts_contact","blasts_swing","squared_up_contact","squared_up_swing","avg_swing_length","swords","exit_velocity_avg","launch_angle_avg","sweet_spot_percent","barrel_batted_rate","hard_hit_percent","avg_best_speed","avg_hyper_speed","z_swing_miss_percent","oz_swing_miss_percent","oz_contact_percent","iz_contact_percent","whiff_percent","swing_percent"
"Blackmon, Charlie","453568","2024","12",17.2,".412",".249",".365",".323",".306",".323",".117",67.4,2.4,6.6,5.4,29.3,23.8,"7.1","5","84.8","16.3",34.1,5.2,27.2,"96.083583591","92.106050111",13.3,32.7,67.3,86.4,19.2,48
"Solano, Donovan","456781","2024","8",21,".417",".257",".378",".333",".307",".317",".121",67.1,1.3,8.4,6.5,31.9,24.9,"7","11","87.3","13.7",37,3.7,37.4,"98.057695046","93.167454908",13.6,45.9,54.1,86.4,23.5,47.2
"McCutchen, Andrew","457705","2024","20",25.8,".411",".227",".421",".325",".327",".324",".194",72.7,25.3,14.9,11.1,31.2,23.2,"7.6","11","88.5","14.3",31.9,12,36.9,"99.424962893","93.831123091",22.3,55.2,44.8,77.7,28.9,42
"Turner, Justin","457759","2024","11",17.6,".383",".252",".383",".327",".328",".352",".131",65.1,0.8,5,4.3,32.5,27.9,"6.3","16","87.1","17.8",40.1,4.6,32.5,"96.702342312","92.434680753",11.5,31.3,68.7,88.5,17,45.4
"Santana, Carlos","467793","2024","23",16.7,".420",".246",".415",".326",".330",".336",".169",71.8,19.4,13.6,10.7,36.1,28.3,"7.6","8","89.2","16.1",30.9,7.3,39.9,"99.506124387","94.004167778",16.6,40.3,59.7,83.4,23.3,43.3
"Rojas, Miguel","500743","2024","6",10.1,".410",".283",".365",".327",".314",".339",".081",67.8,4.2,8.4,7.2,37.3,32.1,"7","9","85","9.7",33.2,2.5,27.8,"96.317826471","92.174445609",8.5,27,73,90.8,13.9,46.5
"Pham, Tommy","502054","2024","9",22.2,".368",".263",".407",".297",".319",".320",".144",72.7,22.8,18.5,14.8,37.2,29.7,"6.9","14","90.4","11",32.2,7.2,42.7,"101.105935449","94.883209671",15.9,46.2,53.8,84.1,22.5,40.5
"Martinez, J.D.","502110","2024","16",28.5,".406",".256",".472",".318",".351",".339",".216",73,28.8,14.1,9.8,28.2,19.7,"8.4","30","91","14.4",39.3,14.9,46.1,"101.443240544","95.173257041",18.1,60.1,39.9,81.9,31.5,48.5
"Goldschmidt, Paul","502671","2024","22",26.5,".414",".255",".450",".310",".329",".311",".195",72.5,24.3,18,13.3,33.5,24.8,"7.8","10","91.2","13.1",34.3,10.7,49.6,"101.892583709","95.666428146",22.1,39.7,60.3,77.9,27.4,47.7
"Altuve, Jose","514888","2024","20",17.4,".439",".262",".399",".344",".316",".321",".137",69.4,13.1,9,7.1,33.4,26.3,"7.8","10","86.5","14.1",35.4,6.5,31.2,"97.323672581","92.693762581",12.7,36.3,62.7,86.5,22.1,51.5
"Marte, Starling","516782","2024","7",21.9,".388",".287",".425",".313",".337",".344",".138",72.4,27,17.2,12.4,33.6,24.2,"7.3","12","89.8","4.3",37.1,6.9,42.9,"101.20205624","94.944189",18.4,52.7,46.9,81,28.4,50.2
"d'Arnaud, Travis","518595","2024","15",26.1,".436",".236",".434",".319",".322",".305",".199",71.4,20.8,14.2,9.6,31.3,21.3,"7.8","6","89.9","11.6",32.9,10.4,41,"100.537202273","94.672343091",26.4,50,50,73.6,32.8,50.7
"Freeman, Freddie","518692","2024","22",15.7,".476",".278",".466",".365",".367",".377",".188",69.8,9.7,13.4,10.9,34.1,27.7,"6.8","10","89.4","14.3",43.1,9.1,41.8,"100.349133067","94.527301044",16.6,29,71,83.4,20.2,49.4
"Rizzo, Anthony","519203","2024","8",17.3,".335",".240",".340",".285",".297",".314",".101",68.5,7.8,9.1,7.3,32.1,25.6,"6.8","4","86.7","14.3",31,4,33.2,"97.798203577","92.909990255",10.6,35.1,64.9,89.4,19.3,49.1
"Stanton, Giancarlo","519317","2024","27",31.2,".475",".249",".509",".330",".352",".315",".260",81.3,98.7,27.6,18.8,30.5,20.8,"8.6","15","94.6","14.7",34.8,20.7,55.3,"108.185328759","99.180033333",25.1,52,48,74.9,34.4,46.8
"Perez, Salvador","521692","2024","27",19.8,".456",".275",".522",".335",".360",".334",".248",73.2,33.4,17.8,13.2,33.6,24.9,"7.9","15","91.1","19",39.4,12.2,44.8,"101.856275647","95.341857371",18.3,41,59,81.7,27.8,57.8
"Ozuna, Marcell","542303","2024","39",24.7,".546",".287",".573",".395",".402",".368",".286",74,42.1,20.2,13.9,33.6,23.1,"7.4","4","92.2","14.4",40.2,15.5,53.5,"103.370699452","96.509068973",22.6,50.4,49.6,77.4,31.4,46.8
"Semien, Marcus","543760","2024","23",14.6,".391",".251",".391",".306",".313",".321",".140",68.3,4.2,11.9,9.8,37.6,30.7,"7.7","27","87.4","17",33,6.6,35.2,"97.806210919","93.005121934",11.9,44,56,88.1,20.2,50
"Springer III, George","543807","2024","19",18.7,".371",".244",".402",".298",".322",".325",".158",71.9,22.3,15.2,11.7,33,25.4,"7.4","24","87.5","9.4",29.2,9.3,37.4,"99.896868","94.046929394",18.6,47.3,52.7,81.4,25.3,49.1
"Vázquez, Christian","543877","2024","7",20.6,".327",".234",".351",".250",".267",".263",".117",68.3,2.8,12.4,10,38.7,31.1,"7","4","88.5","16.1",36.1,3.8,36.6,"98.036944138","93.213200991",14,35.3,64.2,86,20.8,51.7
"Vargas, Ildemaro","545121","2024","1",10.2,".316",".255",".322",".271",".280",".305",".067",69.6,8.4,8.7,7.7,40.2,35.6,"7.2","3","87","4",29.5,1.2,31.9,"97.073438667","92.579283167",6.6,25,73.1,91.5,12.6,46.4
"Harper, Bryce","547180","2024","30",21.9,".525",".267",".474",".380",".357",".358",".206",74.1,41.5,17.6,13.1,28.1,21,"7.3","14","91.1","13.5",36.1,10.6,48.2,"102.531835097","95.63882949",14.9,47.6,52.4,84.9,26.7,52.9
"Díaz, Elias","553869","2024","6",19.7,".382",".242",".343",".303",".280",".293",".101",73.9,41.6,13.8,10.3,26,19.5,"7","11","87.1","7.6",31,4.7,34.5,"99.032119063","93.543152344",18.4,47.8,52.2,81.6,27.8,53.8
"Suárez, Eugenio","553993","2024","30",27.5,".469",".247",".447",".337",".330",".314",".201",72.2,21.5,15,10.8,30.7,22.2,"7.8","34","89.1","19.5",40.4,11.3,42.4,"100.570552315","94.463438988",18.8,55.2,44.8,81.2,29.1,47.2
"Urshela, Gio","570482","2024","9",15.6,".361",".264",".389",".281",".302",".302",".126",68.2,4.2,9,7.3,35.9,29,"7.1","10","86.4","10.5",38.6,4.9,28.4,"96.696776409","92.394270526",15.8,29.6,70.4,83.9,20.3,54.6
"Arenado, Nolan","571448","2024","16",14.5,".394",".255",".356",".314",".296",".312",".101",70.7,12.8,9.2,7.8,32.3,27.6,"8.2","29","86.3","16.9",35.9,3.2,31.6,"96.924147927","92.483246402",9.8,32.7,67.3,90.2,17.2,46.8
"Haniger, Mitch","571745","2024","12",29.8,".334",".216",".364",".277",".292",".294",".148",72.9,26.1,16.5,11.5,34.8,24.2,"7.1","22","90.6","13.7",31,9,45.9,"101.021551732","95.105264331",23.4,56.5,43.5,76.6,32.3,44
"Hernández, Enrique","571771","2024","12",19.6,".373",".233",".362",".285",".285",".286",".129",71.6,18.1,12.1,9.5,35.2,27.5,"7.4","8","89.6","17.1",36,4.8,41.5,"99.326670699","93.89398972",17.3,39.2,60.3,82.3,22.9,48.9
"Singleton, Jon","572138","2024","13",27.4,".386",".228",".382",".312",".310",".317",".154",72.1,24.1,14.3,10.2,35.4,25.2,"7.1","12","88.7","12.8",34.8,8.9,37.2,"99.784248293","93.99841",21.2,52.4,47.6,78.8,30.1,40.7
"Taylor, Michael A.","572191","2024","5",35,".290",".204",".333",".242",".270",".267",".129",74,40.9,14.7,9.3,28.3,17.9,"7.2","20","89.3","13.7",31.4,11.6,40.1,"100.583164074","94.548357778",27.1,66.5,32.4,71.7,39.2,49.3
"Walker, Christian","572233","2024","26",24.1,".468",".246",".457",".343",".351",".339",".211",75,52.8,15.8,12.2,26.1,20.2,"7.5","32","91.2","16.6",35,13.3,48,"103.127969548","96.011102521",17.5,48.8,51.2,82.5,25.6,48
"Yastrzemski, Mike","573262","2024","18",26.2,".437",".219",".396",".319",".301",".291",".177",70.9,5.5,14.2,10.7,35.8,26.9,"7.6","11","90.4","19.1",33,10.5,41,"99.549726267","94.1835",20,43.2,56.3,79.4,26.1,44.1
"Contreras, Willson","575929","2024","15",26.8,".468",".258",".455",".370",".365",".377",".197",75.9,61.6,18.8,12.5,27.9,18.6,"7.9","13","91.6","14.2",32.7,11.2,46.8,"103.712134757","96.17214078",22.2,63.6,36.4,77.8,35,49.8
"Canha, Mark","592192","2024","7",20.8,".346",".212",".306",".310",".288",".322",".094",68.4,4,10.6,8.4,36.5,29.1,"7.2","14","88.4","9.6",31.5,3.3,37.4,"98.159166424","93.219326921",17,33.8,66.2,82.8,21.8,41.6
"Castellanos, Nick","592206","2024","23",21.1,".431",".271",".441",".321",".333",".327",".170",71.9,22.6,12.7,9,33.7,23.8,"7.6","12","88.4","15.2",39,8.1,38.2,"99.266703034","93.738511581",19.4,51.9,48.1,80.6,30.1,58
"Drury, Brandon","592273","2024","4",22.5,".228",".202",".287",".217",".259",".276",".085",72.6,23.1,12,9.6,28.1,22.6,"7.4","16","87.6","6",25.9,3.6,35.6,"99.062132195","93.550623821",18.3,40.1,59.9,81.7,24.4,46.7
"Judge, Aaron","592450","2024","58",24.3,".701",".310",".723",".476",".479",".449",".413",77.2,75.1,25.6,18,33.7,23.7,"8.2","16","96.2","19",40.8,26.9,61,"107.20043567","99.103701521",22.6,57.3,42.7,77.3,30.7,42
"Machado, Manny","592518","2024","29",19.3,".472",".272",".461",".340",".338",".325",".189",75.3,53.6,20.7,16.3,31.6,24.8,"7.8","25","92.5","12.7",33.8,11,48.8,"103.370494128","96.17209183",16.2,45.3,54.7,83.8,24.4,51.6
"Pederson, Joc","592626","2024","23",23.4,".515",".264",".480",".391",".378",".386",".216",73.4,37.2,15.9,12.2,28.9,22.2,"7.7","10","92.3","16.9",34.2,12.8,46.2,"102.648599462","95.864061892",17.9,37.6,62.4,81.1,25,44
"Realmuto, J.T.","592663","2024","14",24.7,".429",".268",".459",".326",".339",".324",".191",73.2,35.4,16.5,12.5,29.3,22.1,"7.6","8","89.2","9.4",36.9,10.4,46.6,"101.248653813","94.909982842",17.6,47.2,52.8,82.4,26.2,50.5
"Renfroe, Hunter","592669","2024","15",19.8,".392",".223",".362",".302",".291",".292",".140",75.2,52.9,15.5,12.1,29.6,23.2,"7.6","8","88.5","16.7",27.8,6.6,39.4,"100.265103311","94.256549636",15.3,42.7,57.3,84.7,23.4,44.4
"Rosario, Eddie","592696","2024","10",24.1,".316",".211",".340",".230",".257",".249",".129",70.3,7.3,13,9.7,39.4,29.2,"7.2","4","91","14.3",27.9,5.3,42.5,"99.203116161","94.098201031",20,42.1,56.5,78.5,27.5,52.9
"Yelich, Christian","592885","2024","11",18.4,".504",".294",".471",".391",".373",".388",".177",73.2,34.7,17.9,14,32.8,25.6,"7.5","9","91.1","5.2",32.2,7.9,46.7,"103.017733429","96.008981238",15.1,42.6,57.4,84.7,23.1,45.7
"Merrifield, Whit","593160","2024","4",15.5,".314",".242",".317",".283",".295",".329",".075",63.4,0.2,4.2,3.4,32.1,26.1,"6.9","7","84.1","12.9",34.3,2.4,21.6,"94.385287083","91.220749372",11.9,35,63.8,87.8,18.7,45.4
"Bogaerts, Xander","593428","2024","11",17.1,".381",".262",".382",".300",".305",".308",".119",70.7,15.3,13,10.8,36.9,30.7,"7.2","10","88.1","10.9",32.1,5.1,33.2,"98.125304802","93.133969802",11.4,37.3,62.7,88.6,18.3,44.2
"Polanco, Jorge","593871","2024","16",29.3,".356",".226",".399",".288",".309",".308",".173",69.7,7.9,12,8.8,31.9,23.4,"7.2","17","88.3","17.8",35.9,8.9,37.4,"99.204331655","93.755834657",21.5,46,53.6,77.6,28.1,44.8
"Duvall, Adam","594807","2024","11",30,".323",".197",".387",".252",".283",".260",".190",72.4,23.1,13.6,9.9,26.7,19.5,"7.6","3","86.9","22.2",27.8,10.7,36.6,"99.791319515","93.950920683",15.8,49.8,50.2,84.2,27.7,49
"Profar, Jurickson","595777","2024","24",15.1,".459",".282",".444",".365",".364",".383",".161",71.7,22.8,12.4,10.4,32.2,27,"7.3","13","91.1","13.4",31.3,7.2,44.4,"100.952441293","94.862553707",12.1,33.1,66.6,87.4,17,45.6
"Cave, Jake","595909","2024","7",28.3,".396",".233",".357",".295",".277",".275",".123",69.5,7.2,9.4,6.9,30.6,22.3,"7","17","87.5","7.5",35.8,5.2,37.1,"98.314485398","93.366757022",21.1,44.3,55.3,78.7,28.2,52.6
"Lindor, Francisco","596019","2024","33",18.4,".500",".283",".528",".363",".379",".353",".246",72.3,23.2,18.9,14.4,37.6,28.6,"7.6","14","90.9","17",35.4,13.6,47.4,"101.098117236","95.07615815",17.5,41,58.7,81.9,23.7,48.7
"Kepler, Max","596146","2024","8",20.1,".380",".247",".381",".298",".301",".300",".134",71.4,19.4,13.7,10.7,32.9,25.6,"7.4","15","88.9","16.8",35.4,6.2,36.8,"99.569991319","93.867541875",15.2,46.5,53.5,84.6,24.4,52.3
"Candelario, Jeimer","600869","2024","20",24.6,".429",".221",".364",".304",".280",".276",".143",68.4,5.1,9.9,7.2,34.3,24.7,"7.8","18","86.9","12.4",33.9,8.2,34.5,"97.855535823","92.968221397",20.9,44.5,55.5,79.1,29.1,51.7
"Urías, Ramón","602104","2024","11",18.3,".423",".248",".429",".325",".328",".319",".182",70.5,12.2,14,10.4,34.4,25.5,"7.5","4","88.3","12.8",32.6,8.7,38.5,"98.830197431","93.627220321",20.5,44.4,55.6,79.5,26.8,49.6
"Bell, Josh","605137","2024","19",19.9,".405",".239",".396",".317",".310",".311",".157",70.4,15,15.4,11.6,36.1,27.2,"7.9","14","88.9","10.5",31.4,7.6,40.1,"100.078711292","94.16958744",18.8,45.6,54.4,81.2,26.8,48.8
"Betts, Mookie","605141","2024","19",11,".491",".282",".447",".371",".356",".368",".165",69.1,9.8,11.4,9.9,41.2,35.8,"6.9","20","89.9","21.4",39.3,6,39.5,"98.50877402","93.575257103",6.1,38.7,61.3,93.9,14.9,40.4
"Arcia, Orlando","606115","2024","17",21.3,".354",".206",".323",".273",".261",".263",".118",70.9,13.5,12.3,9.3,34.1,25.8,"7.9","25","88.2","8.6",29.9,5.3,37.8,"98.41985743","93.283896472",17.7,49.4,50.3,82.3,26.6,49.1
"Hernández, Teoscar","606192","2024","33",28.8,".501",".250",".486",".360",".346",".320",".236",73.3,32.1,18.6,12.6,30,20.3,"7.8","29","90.6","10.3",33.8,14.9,46.8,"102.727395423","95.689116559",25,56.4,43.6,75,34,51.2
"Marte, Ketel","606466","2024","36",18.2,".560",".294",".538",".391",".392",".378",".244",73.7,40.5,20.3,16.2,38.2,30.6,"7.6","6","94","9.4",33.7,12.3,53.8,"103.991137178","96.920444406",14.1,40,59.6,85.6,21.3,48.2
"Nimmo, Brandon","607043","2024","23",23.8,".399",".244",".408",".321",".335",".346",".164",73.3,35.8,15.8,12.4,31.3,24.5,"7.3","22","91.9","11.2",33.7,9.1,47.4,"101.264982933","95.221659687",15.2,45.2,54.8,84.4,23.4,44.8
"Turner, Trea","607208","2024","21",18.2,".469",".264",".419",".349",".318",".309",".155",71.7,17.9,13.5,10,34,25.3,"7.6","15","89.1","11.5",30.9,6.9,40.7,"99.706063382","94.073107543",14.2,51,49,85.8,26.1,53.7
"Pillar, Kevin","607680","2024","8",22,".377",".221",".329",".293",".275",".284",".109",69.4,5.7,8.7,7,27.8,22.2,"7.6","27","84.6","17.9",36.5,3.7,29.7,"96.438782936","92.245806101",14.4,41.5,58.5,85.4,24.5,52.4
"Ramírez, José","608070","2024","39",12,".537",".259",".453",".364",".329",".320",".193",71.6,19.7,13.9,12.1,32.6,28.3,"7.3","17","89.2","19.6",34,8.6,39.7,"99.642954081","93.982319614",9.4,26.6,73.2,90.6,15.2,49.4
"Bregman, Alex","608324","2024","26",13.6,".453",".257",".417",".331",".319",".314",".160",71.4,11.8,13.3,11.9,37.9,33.8,"7","7","89.1","18.2",34.9,6.4,40.5,"98.986527952","93.684160984",8.7,24.7,75.3,91.3,12.8,44.9
"Kelly, Carson","608348","2024","9",17.6,".374",".235",".401",".304",".314",".311",".166",69.5,5.9,13,10.1,37.7,29.3,"6.9","3","87.6","13.6",27.3,6.6,39.4,"98.979228142","93.591084867",14,47.6,52.4,86,22.8,45.5
"Seager, Corey","608369","2024","30",18,".512",".289",".561",".365",".390",".364",".272",72.3,20.9,19.5,15.3,33.3,26.1,"6.6","14","92.1","13.5",38.6,15.2,50.7,"103.274395474","96.157523456",13.5,50.2,49.8,86.5,23.4,53
"Winker, Jesse","608385","2024","14",20.9,".405",".245",".384",".338",".329",".353",".139",69.6,7.7,11.7,9.6,32.7,26.9,"7.3","20","88.6","14",30.1,7.6,37.4,"98.91091179","93.570274815",15,37.5,62.5,84.9,19.6,43.2
"Refsnyder, Rob","608701","2024","11",25.4,".471",".252",".412",".358",".326",".333",".160",72.8,28,17.4,13.1,31.3,23.5,"7.6","10","89.6","10.7",32.8,9.7,43.1,"101.623071856","95.034267165",20.1,51.4,48.6,79.2,28.1,46.2
"Meneses, Joey","608841","2024","3",20.1,".302",".223",".326",".264",".275",".288",".104",70.4,11.8,11.8,9.4,34.4,27.4,"7","8","88.9","8.3",30.8,4.5,39.3,"99.265454911","93.867431839",12.8,43.9,56.1,87.2,22.9,50.8
"Andujar, Miguel","609280","2024","4",13.2,".377",".265",".343",".306",".286",".301",".078",71.6,22.2,11.6,9.9,31,26.6,"7.6","8","86.1","9.2",26.1,2.7,33.7,"97.864980763","92.955361494",7,31.5,68.5,93,16,50.4
"Swanson, Dansby","621020","2024","16",24.3,".390",".244",".416",".307",".321",".316",".172",71.7,12.8,15.4,11.3,33.4,24.4,"7.4","22","89.4","10.4",32.6,9.2,42.7,"100.210263655","94.404024529",22.7,48.7,51.3,77.3,28.7,48.7
"Newman, Kevin","621028","2024","3",15.4,".375",".256",".323",".298",".271",".292",".067",67.6,2.6,6.2,5.3,38.7,33,"6.7","11","85.6","9.7",25,1.6,23.4,"95.24854438","91.64158444",10.5,35.2,63.4,89,17.3,49.2
"Correa, Carlos","621043","2024","14",16.6,".517",".278",".455",".385",".358",".363",".177",74.5,45.4,19.9,16.2,32.2,26.2,"7.3","4","90.3","8.9",34.4,9.2,44.7,"102.536128244","95.462669198",13.5,36.6,63.4,86.5,20.4,44.6
"Taylor, Tyrone","621438","2024","7",23.2,".401",".249",".389",".304",".301",".301",".140",70.5,6.4,13.7,10.9,33.6,26.8,"7.6","8","87.3","16.8",34.9,7.1,35.3,"99.355167983","93.783487975",12,43.2,56.8,88,22.2,49.4
"Buxton, Byron","621439","2024","18",25.5,".524",".264",".502",".366",".353",".322",".238",74.3,41.8,16.7,11.7,31.5,22,"8.1","12","91.7","19.8",39.5,13.2,48.1,"102.451274806","95.815194845",22.5,53.7,46.3,77.5,32.1,54
"Ward, Taylor","621493","2024","25",24.6,".426",".251",".458",".325",".344",".331",".207",69.8,8.4,14.8,11.4,38.4,29.6,"7.1","23","90.9","17.4",41.9,13,42.4,"100.017751581","94.464585641",17.7,50.9,49.1,82.3,25.5,43.2
"Olson, Matt","621566","2024","29",24.8,".457",".247",".448",".339",".341",".336",".201",73.8,38.5,15.1,11.2,26.5,19.5,"7.3","11","91.5","16.1",35.4,12.4,47.4,"102.726279537","95.899543218",22,36.4,63.4,78,26.3,49.7
"Margot, Manuel","622534","2024","4",15.7,".337",".261",".379",".276",".308",".314",".118",72,19.9,13.8,11.1,31.2,25.1,"7.3","5","88.2","13.8",30.9,4.9,33.6,"98.859258923","93.482249961",13.3,37.1,62.9,86,20.6,49.5
"Santander, Anthony","623993","2024","44",19.4,".506",".228",".445",".345",".324",".304",".218",73.1,34,13.7,11,27.6,22.3,"7.2","7","89.8","22.7",35,11.7,41.6,"100.325476894","94.357156511",15.4,28,72,84.6,20,49.7
"Alonso, Pete","624413","2024","34",24.7,".459",".242",".461",".340",".343",".332",".219",75.3,53,18.4,14,29.6,22.5,"7.3","20","89.8","14.4",30.5,13.2,46.4,"102.785114727","95.699086105",14.1,48.1,51.9,85.9,24.7,42.9
"Conforto, Michael","624424","2024","20",24.2,".450",".257",".479",".327",".350",".329",".222",74.1,42.9,17.5,13.4,33,25.3,"7.4","5","90.2","14.8",33.7,11.8,46,"101.95530559","95.249550592",18,44.2,55.8,82,25.2,44.8
"Soler, Jorge","624585","2024","21",24.6,".442",".244",".447",".340",".346",".342",".203",75.4,57,15.8,11.5,29.8,21.7,"7.9","12","90.5","17.9",33.4,12.6,44.1,"101.898357865","95.262490702",17.1,53.6,46.4,82.9,28.9,44.5
"Cronenworth, Jake","630105","2024","17",18,".390",".259",".420",".315",".335",".341",".161",69.4,6.1,11.7,9.7,31.9,26.4,"7.1","11","88.6","13.9",35.4,7.8,36.7,"99.527561266","93.904133654",10.8,36.1,62.3,89.1,17.1,45
"Bauers, Jake","641343","2024","12",34.1,".361",".201",".379",".294",".302",".303",".178",73.8,31,11,8.2,23.8,17.6,"7.5","14","89.4","22.6",38.6,10.3,42.9,"99.96682033","94.377085138",20.6,63.3,36.7,79.2,29.1,45.8
"Bellinger, Cody","641355","2024","18",15.6,".426",".242",".391",".322",".301",".305",".149",69,5.2,9.7,7.7,38.6,30.6,"7.6","22","87.8","17.4",32.9,6.3,32.9,"97.314029213","92.768351065",16,35,65,84,22.2,49.8
"Crawford, J.P.","641487","2024","9",22.6,".321",".227",".363",".283",".309",".326",".136",71.9,23.2,12.2,9.8,29,23.3,"7.3","5","87.5","13.2",30.2,6.5,37.8,"98.950282708","93.58355108",15.8,37,63,83.7,20.2,41.1
"Fraley, Jake","641584","2024","5",18.3,".386",".245",".323",".314",".285",".304",".079",71.8,20,7.2,5.7,25.8,20.6,"7.1","1","84.3","11.1",34.6,3.2,24.7,"95.677326241","91.891008399",15.7,37.6,62.4,84.3,21.3,57.9
"Garver, Mitch","641598","2024","15",30.9,".341",".180",".335",".281",".285",".295",".155",71.2,9.9,14.5,10.3,34.7,24.8,"7.3","15","89.9","18.3",32.5,8.4,39.7,"99.983276271","94.254381059",21.4,57.4,42.6,78.6,30.8,38.7
"Heim, Jonah","641680","2024","13",18.3,".336",".228",".356",".265",".277",".275",".128",70.2,9.7,11.2,9,34.6,27.7,"7.4","9","88.5","14.5",29.9,5.9,36.4,"98.507122973","93.44020477",14.4,35.8,64.2,85.6,20.7,54.3
"McMahon, Ryan","641857","2024","20",28.7,".397",".243",".414",".315",".325",".329",".171",72.5,26.3,16.4,11.7,31.4,22.4,"7.2","28","92.1","10",36.5,10.9,49.7,"102.62988712","96.057260524",22.4,50.6,49.1,77.6,30,46.9
"O'Neill, Tyler","641933","2024","31",33.6,".511",".213",".480",".360",".339",".313",".267",75.2,51.8,18.1,11.9,28.3,18.6,"7.6","11","90.9","20.2",34.6,17.3,48.8,"102.819767874","95.797605236",24.4,55.8,44.2,75.6,34.1,44.6
"Smith, Dominic","642086","2024","6",24.8,".378",".219",".383",".306",".302",".301",".164",68.9,2.5,10.8,8.3,38,29.3,"7","13","89.3","13",37.7,10.6,38.7,"98.769074141","93.729740505",19.2,39.1,60.9,80.8,25.3,45.3
"Tellez, Rowdy","642133","2024","13",21.1,".392",".237",".394",".301",".302",".297",".157",74.4,43.7,15.3,12.3,27.5,22.1,"8","13","89.4","17",32.4,8,36.5,"100.611958926","94.350585034",11.5,44.5,55.1,88.5,21.9,43.3
"Siri, Jose","642350","2024","18",37.9,".366",".200",".409",".271",".297",".269",".209",72.5,27.2,14.9,9.2,27.3,16.8,"7.8","20","87.5","15.4",35.7,14.7,41.6,"100.732893305","94.47103983",32.1,59.8,40.2,66.6,41.9,50.9
"Rosario, Amed","642708","2024","3",21.1,".380",".250",".359",".299",".280",".278",".109",71.2,16.7,11.7,9,31.2,23.9,"7.3","8","86.9","4.6",33.5,4.6,36.2,"98.559932462","93.290414231",14.6,42,58,85.4,24.6,55.2
"Adames, Willy","642715","2024","32",25.1,".462",".243",".461",".342",".339",".324",".218",73.6,33.5,13.1,9.5,28.7,20.9,"8.1","9","88.6","20.6",38.2,12,40.7,"99.769639045","94.108759136",21.1,50.5,49.2,78.8,29.5,49.5
"Estrada, Thairo","642731","2024","9",19.9,".343",".226",".338",".256",".263",".257",".112",71,14.3,11.9,10,33.8,28.4,"7.2","17","86.2","10.5",30.3,4.8,31.7,"97.31710125","92.678487456",9.9,41.6,58.4,89.9,20.5,51.3
"Benintendi, Andrew","643217","2024","20",18.4,".396",".243",".389",".298",".303",".303",".146",68,1,9.1,7.3,39.8,31.9,"6.7","12","88","16.1",36.5,6.3,34.4,"97.17823","92.764984068",17,33.1,66.5,82.5,21.1,48
"Dubón, Mauricio","643289","2024","4",12.9,".361",".248",".330",".286",".272",".281",".082",69.4,6.6,6.7,5.5,33.3,27.4,"7.6","14","86.1","14.6",30.4,2.8,26.5,"95.977741503","92.011502977",15.9,24.3,75.1,83.7,18.8,60.1
"Jansen, Danny","643376","2024","9",18.8,".349",".201",".332",".294",".289",".306",".131",69,6.8,10.4,8.7,34.6,28.7,"6.9","23","86.6","21.7",34.1,6.4,29.7,"97.185697545","92.627349132",14.7,39,61,85.3,20.9,40.6
"Kiner-Falefa, Isiah","643396","2024","8",15.7,".376",".251",".346",".299",".283",".292",".095",67,2.2,10.1,8.6,40.9,35.1,"6.8","11","86.1","9.1",31.6,2.3,29.7,"96.695719581","92.34866123",9.4,27,72.5,90.2,14.8,46.1
"McNeil, Jeff","643446","2024","12",14.4,".384",".235",".336",".304",".288",".306",".102",68.8,5.2,7.9,6.7,32.6,27.7,"7.2","25","87","14.9",32.2,3.1,31.1,"96.866365393","92.484410197",11.1,35.2,64.8,87.9,17.5,55.4
"Tauchman, Mike","643565","2024","7",20,".366",".242",".380",".325",".330",".353",".139",69.3,4.5,12.7,10.1,30.6,24.4,"7","11","89","15.5",34.9,7.4,41,"99.141927105","93.788317412",18.6,34.1,65.9,81.4,22.5,46
"Albies, Ozzie","645277","2024","10",14.9,".404",".246",".387",".307",".302",".301",".140",69.1,7.5,8.1,6.6,32.9,26.6,"7.2","7","88.4","18.4",33.4,6.2,32,"97.095539467","92.617553798",15.5,31.3,68.7,84.4,20.5,56.6
"Devers, Rafael","646240","2024","28",24.5,".516",".272",".509",".364",".364",".355",".238",72.5,27.9,19.4,13.8,32.7,23.3,"7.4","24","93.2","11.6",35.2,13,52.6,"104.597925864","97.090537461",28.1,36.8,62.9,71.9,30.9,50.9
"Naylor, Josh","647304","2024","31",16.6,".456",".257",".443",".332",".335",".333",".186",72.8,32.2,15.3,12.1,33.8,26.8,"7.6","11","89.9","11.1",30.1,8.4,40.9,"100.815360087","94.680816725",14.5,37,63,85.4,22.4,50.3
"Toro, Abraham","647351","2024","6",17,".350",".245",".365",".283",".291",".297",".120",69.6,10.7,10.7,8.9,36.2,29.9,"7.6","4","87.2","12.2",33.2,4.3,29.6,"97.476845145","92.798620509",9.5,33.9,65.1,89.8,17.4,48.1
"Arraez, Luis","650333","2024","4",4.3,".392",".310",".400",".323",".325",".343",".090",63.2,0.3,4.9,4.6,46.5,43.9,"6","8","86.3","13.7",40.9,1.6,23.7,"94.838000362","91.449624457",4.7,11.3,88,95,6.9,49.8
"Jiménez, Eloy","650391","2024","6",20.1,".336",".248",".382",".276",".300",".299",".134",73.9,40.2,23,17.5,39.2,29.8,"7.2","14","92","4.3",25.1,7.8,49,"103.179997795","96.165143031",15.3,46.2,53.8,84.7,26.2,50.3
"Torres, Gleyber","650402","2024","15",20.5,".378",".240",".368",".313",".307",".317",".128",70.2,9.2,10.7,8.6,33.6,26.8,"7.2","23","88.6","15",38.2,6.3,35.4,"98.295655921","93.36890443",18.7,37,63,81.1,22.9,45.7
"Castro, Willi","650489","2024","12",23.6,".385",".244",".381",".317",".320",".331",".137",70.6,15.5,12,8.7,29,21,"7.1","18","87.4","13.6",39,7,36.8,"98.851706502","93.501303852",17.4,53.5,46.2,82.2,29,51.4
"Díaz, Yandy","650490","2024","14",15.3,".414",".277",".423",".331",".336",".340",".146",73.3,34.4,22,19.2,36.6,32,"7.5","2","92.2","5",28.4,7.6,48.7,"103.441830979","96.263007825",10.3,25.5,74.5,89.7,14.2,43.9
"De La Cruz, Bryan","650559","2024","21",27.3,".384",".242",".419",".283",".302",".280",".177",71.8,19.8,12.7,9.2,32.7,23.7,"7.7","20","89.6","13.1",35.6,9.3,41.3,"99.848652919","94.22196445",22.4,47,53,77.6,30.1,53.4
"Rengifo, Luis","650859","2024","6",14.5,".417",".262",".352",".335",".295",".311",".090",69.7,12,9.6,7.6,34.3,27,"7.2","9","87","6.7",30.4,2.5,32.5,"96.9891535","92.548929456",13.9,38.8,61.2,85.4,22.3,56.3
"Chapman, Matt","656305","2024","27",24.4,".463",".250",".451",".340",".341",".332",".201",76.6,64.1,18.5,14.1,28.1,21.5,"7.5","21","93.2","16.2",31.3,12.6,48.3,"104.356012981","96.727633301",18.9,36.8,63.2,81.1,23.5,44.6
"Hoskins, Rhys","656555","2024","26",28.8,".419",".202",".387",".313",".301",".295",".185",71.2,13,12,9.1,29.8,22.8,"8.1","23","88.7","20.8",29.7,12.7,42.2,"99.737434248","94.057895065",21.2,39,61,78.8,26.3,42.8
"Joe, Connor","656582","2024","9",21.9,".368",".206",".308",".305",".277",".301",".103",72.1,23.9,12.7,9.7,27.8,21.4,"7.4","18","85.3","16.3",30.9,4.7,32.7,"97.939201314","92.982890511",18.4,47.8,52.2,81.6,25.7,43.1
"McKinstry, Zach","656716","2024","4",21.2,".337",".238",".364",".270",".294",".299",".126",67.2,0.8,8.8,7,39,30.8,"6.7","5","88","18.7",37.8,4.3,32.6,"97.327044","92.860583362",14.1,42.1,57.3,84.9,22.1,47.7
"Mullins II, Cedric","656775","2024","18",19.6,".405",".227",".355",".310",".291",".298",".128",70.9,7.5,10.1,8.4,28.7,23.9,"7.5","4","87.1","21.5",31.7,4.9,33.4,"97.759606105","92.89369311",13.3,35.6,62.5,84.3,19.2,51.4
"O'Hearn, Ryan","656811","2024","15",14,".427",".278",".461",".330",".351",".348",".183",72.4,24.3,14.8,12.4,33.7,28.3,"7.1","6","89.6","12",35,6.9,40.1,"99.733150957","94.095787394",10.3,37.8,62.2,89.7,18.1,46.7
"Rivera, Emmanuel","656896","2024","5",22.8,".343",".250",".383",".291",".318",".328",".133",69.6,10.2,16.4,11.8,37.9,27.2,"6.9","5","89.7","8.7",33.7,7.9,44.1,"99.97328099","94.404966716",18,50.6,49.4,81.7,28.3,48.6
"Schwarber, Kyle","656941","2024","38",28.5,".485",".256",".512",".366",".380",".374",".256",77.5,78,22.9,16.4,32,22.9,"7.7","38","93.6","15",31.8,15.6,55.5,"105.154527813","97.529843438",23.7,54.3,45.7,76.3,32,39.9
"Thomas, Lane","657041","2024","15",25.9,".400",".242",".377",".309",".307",".315",".135",71.7,16.6,15.6,12.3,33.4,26.4,"6.8","20","88.8","17",31.5,7.4,40.6,"100.376555353","94.3557595",17.2,40.9,59.1,82.8,23.3,43.8
"Verdugo, Alex","657077","2024","13",15,".356",".250",".373",".283",".302",".309",".124",68.4,7.5,10.9,9.1,39.8,33.4,"6.3","5","88.3","9.9",31.6,5.6,34.9,"98.009613263","93.0881338",9,33.3,66.3,90.5,15.5,44.7
"Wong, Connor","657136","2024","13",23.4,".425",".231",".355",".330",".288",".290",".124",72,17.5,13.3,9.6,29.4,21.3,"7.3","11","86.5","12.9",30.7,6.3,34.5,"98.745018171","93.452738532",19.7,52.8,46.4,80.2,28.8,51.6
"DeJong, Paul","657557","2024","24",32.4,".427",".218",".395",".302",".291",".270",".177",72,15.5,12,8.1,27,18.3,"6.9","11","87.8","20",36.4,10.2,41.5,"99.999893878","94.174456531",26.3,56.1,43.9,73.7,34.9,58
"Laureano, Ramón","657656","2024","11",31.1,".437",".235",".430",".324",".311",".288",".195",72.7,30.1,13.6,9.5,29.1,20.4,"7.2","17","89.2","13.3",38.7,12.6,40.8,"100.254641146","94.492561099",22.7,54.5,45.5,77.3,31.8,52.3
"Sheets, Gavin","657757","2024","10",21.2,".357",".251",".380",".291",".309",".320",".129",72.7,29.7,12.7,10.1,28.2,22.6,"7.6","27","87.8","13.5",41.1,5.7,35.3,"98.863415862","93.510571585",16.2,34.2,65.5,83.8,23,46.2
"Ohtani, Shohei","660271","2024","54",22.2,".646",".314",".660",".431",".442",".396",".347",76.3,64.1,25.3,17.8,37.3,26.3,"7.8","10","95.8","16.2",37.8,21.5,60.1,"106.727792385","98.772122364",23.1,46.1,53.9,76.9,29.8,47.3
"Ruiz, Keibert","660688","2024","13",11.1,".359",".251",".350",".268",".279",".283",".099",66.4,1,8,7.1,37.9,33.9,"7.1","10","85.4","19.8",32.2,3.2,25.6,"95.477673333","91.740685858",7.2,20.1,79.9,92.8,12.1,52.3
"Sánchez, Jesús","660821","2024","18",26.1,".417",".264",".468",".317",".343",".325",".204",75.2,54.4,19.1,13.1,32.2,22.2,"7.1","13","92.5","7.7",31.8,12.2,51.3,"104.556000571","96.923820315",21.9,47.2,52.6,77.6,31.2,53.2
"Contreras, William","661388","2024","23",20.5,".466",".269",".471",".359",".358",".356",".202",74.7,50.4,21.1,15.7,34.9,25.9,"7.3","25","92.8","6.1",29,10,49.5,"103.875480043","96.642602527",19.3,49.2,50.8,80.7,27.8,47.4
"Varsho, Daulton","662139","2024","18",26.7,".407",".186",".316",".304",".261",".268",".130",73.7,34.4,11.1,8.2,24,17.7,"7.6","6","86.1","24.4",30.2,6.2,34,"98.537583503","93.276618121",20,44.6,55,79.3,27,47.6
"Perkins, Blake","663368","2024","6",24.9,".332",".218",".311",".288",".275",".298",".093",69.4,3.2,12.9,9.3,42.3,30.6,"7.3","13","88.8","12",32,3.9,37.7,"97.789208222","93.114376074",20.8,42.5,54.2,76.9,27.1,42.4
"Nootbaar, Lars","663457","2024","12",19.5,".417",".264",".455",".331",".355",".359",".191",72.6,28.2,21.4,17.8,37.3,31,"6.8","15","91.8","6",32.2,9.9,49.5,"102.282162353","95.717855683",13.3,38.7,61.3,86.7,19,37.2
"Hoerner, Nico","663538","2024","7",10.3,".373",".280",".353",".313",".313",".344",".073",68.2,2.8,7.2,6.4,35.4,31.7,"7.1","11","85.7","10.4",36,1.2,27.6,"95.980926525","91.993965849",6.9,22.5,77.5,92.7,11.9,48.4
"Riley, Austin","663586","2024","19",25.2,".461",".267",".505",".338",".361",".334",".238",75.2,53.6,20.2,15.1,32.7,24.4,"7.5","24","93.3","15.9",37.2,14.9,53.4,"103.77151961","96.882758664",18.7,50.2,49.8,81.3,27.5,50.1
"Larnach, Trevor","663616","2024","15",22.3,".434",".259",".458",".336",".345",".338",".199",72.8,27.2,20.4,14.9,39.2,28.6,"7.4","8","92","12.4",36.2,10.1,45.1,"102.375195821","95.54188573",15.3,57.8,42.2,84.7,27.9,44.1
"Mountcastle, Ryan","663624","2024","13",22.5,".425",".272",".445",".316",".332",".313",".173",75.1,50,15.9,12.2,27.3,20.9,"7.5","15","90.8","10.4",36.2,8.8,45.2,"102.105716923","95.370233104",16.2,41.4,58.6,83.8,25.1,56.1
"Hayes, Ke'Bryan","663647","2024","4",18.9,".290",".244",".327",".256",".279",".296",".083",72.1,19.7,16.6,13.9,37.4,31.3,"6.9","10","88.9","4.8",29.9,2.4,42.9,"99.837230137","94.135653938",7.8,40,60,92.2,18.1,44.8
"Tucker, Kyle","663656","2024","23",15.9,".585",".279",".536",".419",".400",".400",".257",72.1,22.5,16.2,13.6,35.6,30.1,"7.5","8","91.1","21.2",40,12.9,44.9,"100.157901947","94.740150044",12.7,41.8,57.4,87.3,19,41.8
"India, Jonathan","663697","2024","15",19.6,".392",".266",".412",".333",".352",".376",".146",71.7,22.2,12.4,10.2,30.7,25.3,"7.2","25","87.2","13.5",39.3,7.7,36.5,"98.90319256","93.547150797",12.2,41.7,57.9,87.6,19.2,38.3
"Raleigh, Cal","663728","2024","34",28,".436",".233",".476",".323",".346",".326",".243",74.5,45.1,15.9,11.3,28.5,20.2,"7.8","15","91","21.2",35.6,15.4,48.1,"102.032071755","95.508789467",23,47.1,52.9,76.8,31,52.3
"Fortes, Nick","663743","2024","4",12.2,".318",".225",".290",".252",".245",".259",".065",71.3,19.4,10.1,8.7,31.2,26.9,"7.1","4","84.3","15.4",29,1.4,22.6,"95.578582782","91.819744812",8.8,23.1,74,88.4,13.2,49.3
"Vierling, Matt","663837","2024","16",21.3,".423",".256",".393",".317",".309",".313",".137",71.1,12.2,15.6,12.5,35.6,28.6,"7.4","8","89.8","11.7",34.1,7.5,40.9,"100.235830606","94.344722247",12.8,39.5,60.5,87,19.5,42.8
"Stephenson, Tyler","663886","2024","19",22.7,".444",".241",".403",".339",".322",".325",".162",70.8,9.4,15.6,12.7,37.5,30.5,"7.4","31","90.2","10.9",33,9.1,43.9,"100.320154503","94.587176774",13.2,47.2,52.8,86.8,22.7,43.2
"Rodgers, Brendan","663898","2024","13",24.5,".407",".248",".377",".314",".295",".297",".129",71.7,25.2,14.4,11,31.5,24.1,"7.1","26","89.3","4.9",33.1,5.6,44.1,"101.153269243","94.773964417",15,52,48,84.8,25.9,49.3
"Lowe, Nathaniel","663993","2024","16",22.1,".401",".252",".380",".337",".328",".352",".128",73.3,29.3,15.2,12.4,28.3,23,"7.3","23","88.9","7.7",32.6,5.8,40,"100.432822253","94.330442369",12.3,41.8,58.2,87.7,20.6,42.7
"Happ, Ian","664023","2024","25",25.6,".441",".243",".446",".341",".345",".342",".203",72.4,23.7,15.1,11,31.8,23.2,"7","18","90.8","15.1",37,11.7,45.2,"101.590666318","95.287992294",21.4,47.3,52.7,78.5,27.9,45.9
"France, Ty","664034","2024","13",21.3,".365",".228",".387",".296",".303",".301",".159",71,14.3,12.1,9.3,31.2,24.1,"7.6","17","88.7","12.9",30.5,7.3,40,"99.663679892","94.004650595",16.4,46.5,53.5,83.6,24.2,51.2
"Lowe, Brandon","664040","2024","21",26.4,".473",".254",".485",".335",".346",".320",".231",73.4,36,17.2,12.2,30.8,21.8,"7.1","27","89.8","14.5",39.6,12.4,44.7,"101.345776014","94.9549512",23.7,56,44,76.2,32.7,55.3
"Bader, Harrison","664056","2024","12",21.7,".373",".242",".377",".285",".294",".292",".135",71.1,19.5,12.9,9.9,33.1,25.4,"7.1","16","87.2","11.9",33.9,6.4,35.5,"98.685690255","93.420801022",14.2,42.5,57.5,85.8,24.5,46.6
"Moore, Dylan","664238","2024","10",27.9,".367",".201",".324",".306",".297",".323",".124",73,27.8,10.8,8.4,27,20.8,"7.1","16","88.4","22.6",38.2,8.8,36.3,"98.78016696","93.44884728",19.3,46.8,53.2,80.4,24.8,42.4
"Isbel, Kyle","664728","2024","8",20.7,".367",".234",".333",".286",".281",".293",".099",70.8,10.8,13,10.6,33.2,27.1,"7.2","5","88.1","9",24.8,3.9,36.3,"99.427451293","93.787078878",9.4,39.3,59.9,89.7,19.3,46.1
"Bohm, Alec","664761","2024","15",14.2,".448",".288",".444",".335",".342",".342",".156",72.2,21.3,18.7,15.6,39.3,32.8,"7.4","9","90.4","10.1",35.2,6.8,45.6,"100.768220847","94.781662669",10.5,37.2,62.8,89.5,17.6,49.7
"Wade Jr., LaMonte","664774","2024","8",22.4,".381",".259",".428",".337",".354",".381",".169",72.4,26.1,16.8,13.3,34.3,27,"6.8","12","90.5","12.9",39.6,9.4,44.1,"101.160100656","95.071984568",13.6,55,44.4,86.4,24.2,40.9
"Brown, Seth","664913","2024","14",28,".379",".232",".387",".289",".294",".284",".155",73.3,28.2,14.5,10.5,30.9,22.5,"7.2","14","90","14.6",35.2,8.4,40.6,"100.936577054","94.815981008",16.5,58.2,41.8,83.3,29.1,52
"McCarthy, Jake","664983","2024","8",15.8,".400",".265",".359",".329",".311",".333",".094",67.3,3.1,6.8,5.7,31.8,26.5,"6.7","12","84.5","9.1",30.4,2.7,24.5,"95.637290857","91.834529486",7.9,39.1,58.4,91.1,17.6,49.3
"Peña, Jeremy","665161","2024","15",17.1,".394",".263",".394",".305",".310",".308",".131",72.6,22.2,15,11.4,33.6,25.4,"7.6","13","88.2","7.5",29.2,5.4,38.8,"99.323506707","93.74168435",11.4,49.4,49.7,87.3,24.9,54.2
"Tatis Jr., Fernando","665487","2024","21",21.9,".492",".298",".538",".359",".387",".360",".240",74.9,49,23.9,17.9,38.2,28.7,"7.4","32","93.5","10",33.7,14.5,55.8,"104.418991126","97.109953874",19.6,50.2,49.3,80.2,28.1,51.3
"Guerrero Jr., Vladimir","665489","2024","30",13.8,".544",".321",".567",".398",".408",".395",".247",75.9,57.4,24.2,19.4,34.5,27.7,"7.7","9","93.8","7.4",35.1,13.7,54.9,"105.663720766","97.649346073",15.1,37.3,62.7,84.9,21.5,48
"Soto, Juan","665742","2024","41",16.7,".569",".316",".646",".421",".462",".445",".330",75.5,60.3,25.9,21,39.5,32,"7.3","30","94.2","10.7",35.4,19.7,57,"105.650123728","97.994705143",15.2,39.3,59.3,84.3,21.5,37.2
"Taveras, Leody","665750","2024","12",21.2,".352",".240",".368",".282",".295",".301",".129",71.3,14.7,14.2,10.5,32.5,24,"7.5","6","89","14.7",31.5,5.9,35.5,"99.173170874","93.650113205",17.4,46.3,52.7,81.8,26.2,48.8
"Amaya, Miguel","665804","2024","8",17.1,".357",".251",".371",".283",".300",".306",".120",72.9,32.4,11.9,9.5,29.4,23.4,"7.2","6","88.4","11.1",33.9,4.7,33.9,"99.101174286","93.708861353",13.9,41.7,57.4,85.9,22.5,54
"Cabrera, Oswaldo","665828","2024","8",19.3,".365",".248",".334",".290",".285",".301",".086",68.3,1.6,9.8,7.9,33.8,27.2,"7","3","88.2","12.5",34,3.7,34.9,"97.641570336","92.88412097",10,37.1,61.9,89,18.8,47.8
"Cruz, Oneil","665833","2024","21",30.2,".449",".263",".461",".331",".340",".329",".199",78.6,75.6,24.6,16.6,34.1,22.9,"7.7","9","95.5","9.8",32.1,15.7,54.9,"107.199352928","98.547881492",24,51.6,48.1,76,34.1,46.3
"Chisholm Jr., Jazz","665862","2024","24",24.5,".436",".240",".415",".327",".316",".310",".176",72,23.6,15.1,10.7,32.2,22.7,"7.5","11","89.7","11.4",29.6,9.7,41.1,"100.122466782","94.459141861",22.7,43.7,55.7,75.2,29.3,47.5
"Giménez, Andrés","665926","2024","9",15.3,".340",".262",".355",".281",".296",".310",".093",68.2,6.8,7.7,5.8,31.4,23.8,"7","17","86.3","8.7",32.7,2.8,28.5,"96.492499139","92.262342361",15.7,37.6,60.8,83.3,22.8,56.4
"Fermin, Freddy","666023","2024","6",17.9,".366",".244",".334",".300",".279",".294",".090",70.8,9.8,11.1,8.9,32.9,26.3,"7.5","21","88.2","11.1",29.2,3.2,33.9,"97.931397537","93.085600262",12.9,45.4,54.2,87.1,23,51
"Lowe, Josh","666139","2024","10",31.8,".391",".228",".388",".299",".295",".292",".160",73.3,32.7,13.4,9.2,28.2,19.2,"7.2","9","90.8","16.9",37.9,10.3,46.1,"100.893361034","94.928910905",26,44.4,54.9,73.7,31.9,51.6
"Fitzgerald, Tyler","666149","2024","15",31.7,".497",".227",".378",".357",".292",".286",".151",70.5,7.1,11,7.6,31.6,22,"7.4","3","87.7","20.2",39.1,8.2,31.9,"97.5779034","92.79850055",22.3,54.5,44.9,75.3,31.2,47.7
"Hamilton, David","666152","2024","8",25.2,".395",".231",".346",".305",".281",".287",".115",68.9,3,11.9,9.2,36.1,27.7,"7.2","18","87","15.8",38.3,5.6,32.2,"97.714382095","92.969829904",16,53.6,44.3,82.3,25.6,45.9
"Lux, Gavin","666158","2024","10",22.6,".383",".259",".386",".310",".318",".330",".127",71.3,15.8,13.7,10.8,32.8,26,"7.3","20","88.3","9.1",35,6,41.1,"98.995997212","93.691033374",17.4,40.8,59.2,82.5,23.3,45.1
"Moniak, Mickey","666160","2024","14",27.3,".380",".221",".379",".281",".283",".267",".158",73.1,28.6,13,9.3,28.2,20.2,"7.7","10","88.1","19.8",31.9,9.3,34.4,"99.494460797","93.816907681",22.2,45.3,53.2,77.3,30.6,56.7
"Rortvedt, Ben","666163","2024","3",26.8,".303",".202",".287",".283",".267",".295",".085",69.7,5.2,7.7,5.6,32.1,23.5,"7.1","7","86.2","11.9",30.2,3.5,30.7,"96.9585767","92.49508965",17.6,45.1,53.4,81.6,26.7,43
"Adell, Jo","666176","2024","20",27.9,".402",".224",".418",".296",".312",".297",".193",76.7,65.9,15.2,11,25.1,18.2,"7.6","20","89.8","15.9",30.5,11.7,44.7,"102.6788005","95.748719749",21.1,49.1,50.9,78.9,29.8,49.7
"Benson, Will","666181","2024","14",39.7,".376",".180",".333",".285",".268",".268",".153",72.1,20.8,10.3,6.5,25.8,16.2,"7.9","17","89.4","18.2",36.5,11.5,40.1,"99.756805263","94.123444",31.6,65.1,33.7,68.4,39,47.6
"Bichette, Bo","666182","2024","4",19,".322",".255",".375",".264",".303",".307",".120",70.4,14.2,14.8,11.7,32.7,25.9,"7.3","10","89.2","7.2",31.3,4.4,43.5,"100.896776504","94.778862816",11.4,42.8,57.2,88.6,22,56.4
"Naylor, Bo","666310","2024","13",31.4,".350",".196",".326",".269",".260",".260",".130",70.6,9.8,12.9,9.5,31.3,23.2,"7.4","20","88.8","19.9",32.6,8.1,37.7,"98.72815","93.535266567",21.3,45.6,53.9,78.7,28.3,46.9
"Julien, Edouard","666397","2024","8",33.9,".323",".197",".351",".278",".287",".291",".154",71.9,17,12.7,9,28.2,20,"7.1","10","87.8","11.9",38.4,9.8,37.8,"98.889968415","93.491651402",21.9,63.3,36.7,77.6,30.9,40.6
"Morel, Christopher","666624","2024","21",26,".346",".225",".399",".280",".316",".316",".174",76.1,64.7,17.6,11.7,30.2,20.1,"8","24","89.2","14.2",27.6,10.2,40.4,"101.221222105","94.784090605",27.3,51.1,48.9,72.7,34.1,47
"García, Adolis","666969","2024","25",27.8,".400",".227",".413",".296",".306",".289",".186",72,23,16.4,11.1,33.4,22.6,"7.9","14","91","15",33.7,12.5,48.2,"101.827676765","95.435631691",24.7,51.5,48.5,75.1,34.3,52.1
"Gurriel Jr., Lourdes","666971","2024","18",18.3,".435",".267",".421",".327",".319",".312",".154",70.6,9.5,13.4,10.9,31.5,25.7,"7.5","12","88.4","15.7",33.8,6.7,40,"99.549348469","93.921850288",11.8,37.7,62.3,88.2,20.2,51.1
"Rooker Jr., Brent","667670","2024","39",28.8,".562",".266",".557",".392",".380",".341",".291",73.7,37.2,18,12.5,32.5,22.4,"7.1","29","91.9","18.9",38.3,16.6,49.6,"103.25238457","96.193453235",21.1,60.2,39.8,78.9,34.1,50.2
"Arozarena, Randy","668227","2024","20",26.1,".388",".219",".381",".320",".324",".335",".162",72.7,33.4,15.9,11.6,32.9,24.1,"7.4","15","90.4","13.2",28.4,8.3,43.5,"100.904108177","94.731331384",25,40,60,75,29.7,41
"Rogers, Jake","668670","2024","10",29.4,".352",".218",".413",".264",".297",".276",".194",70.7,6.4,14.2,9.7,39.2,26.6,"7.4","12","89","15.7",32.9,9.9,41.8,"99.180639906","93.973828585",24.8,54.7,45.3,75.2,32.7,47.6
"Bleday, JJ","668709","2024","20",19.5,".437",".242",".400",".330",".319",".324",".157",71.7,16.5,15.5,11.8,35,26.5,"7.3","24","88.5","18.6",37.1,8.3,36.2,"98.959573229","93.527316345",17,49.1,50.3,82.5,26.1,45.3
"Steer, Spencer","668715","2024","20",20.9,".402",".235",".379",".316",".315",".328",".144",71.6,13.6,12.7,10,32.5,25.6,"7.4","21","88","17.4",34.2,6.4,39.9,"99.163434247","93.708755492",13.4,47.9,52.1,86.6,23.1,44.5
"Reynolds, Bryan","668804","2024","24",22.5,".447",".270",".463",".343",".350",".342",".193",71.5,17.1,17.4,12.7,36.6,26.7,"6.8","31","89.9","9.4",37.5,9.6,45.4,"100.987209316","94.867542484",18.7,52,48,81.3,29.4,50.4
"Vientos, Mark","668901","2024","27",29.7,".516",".246",".463",".356",".331",".305",".217",71.7,20,19.6,13.1,36.2,24.3,"7.6","19","91.2","11.4",34.6,14.1,46.6,"102.544746312","95.741575567",25,53.1,46.9,75,34.4,49.9
"Lewis, Royce","668904","2024","16",22.8,".452",".246",".435",".317",".320",".309",".189",73.3,36.1,12.7,9.4,26.6,19.7,"7.7","13","87.1","16.8",36.3,11.2,37.7,"99.690144144","93.856491441",19.4,41.9,58.1,80.6,27,51.9
"Turang, Brice","668930","2024","7",17,".349",".261",".340",".294",".297",".323",".079",66.2,3.5,6.2,5.4,33.8,29.2,"6.1","12","87","6.1",32,2.4,29.7,"96.869333063","92.521821874",9.2,25.7,72.5,88.4,13.8,47.7
"Rutschman, Adley","668939","2024","19",16.1,".391",".255",".393",".309",".315",".325",".138",69,6.4,10.6,8.9,35.7,30,"6.9","9","88.2","18.8",35.4,6.1,36.6,"98.081119454","93.149039684",12.1,27.5,72.5,87.9,17.1,44.5
"Rojas, Josh","668942","2024","8",22.7,".336",".223",".350",".286",".293",".304",".127",66.6,0.8,10,7.7,37.5,29.1,"7.3","15","88.2","15.5",35.6,5.7,38.2,"97.946263631","93.225198599",15.9,52.8,47.2,83.2,24.4,45.6
"Melendez Jr., MJ","669004","2024","17",25.1,".400",".239",".425",".292",".317",".303",".186",72.8,33,15.7,11.2,30.6,21.9,"7.7","14","91.1","14.6",29.1,8.4,45.2,"101.49620396","95.196771409",24.1,43.7,56.3,75.7,29.5,52.5
"Marsh, Brandon","669016","2024","16",32.4,".419",".236",".406",".326",".324",".321",".170",71.9,15.4,14.8,11.1,33.8,25.2,"7.2","4","91.6","13.8",40.7,10,47.4,"101.08883194","95.182442734",16.2,53.1,46.1,83.5,27.5,41.3
"Langeliers, Shea","669127","2024","29",27.2,".450",".241",".456",".315",".328",".305",".215",74.1,42,17.7,12.9,32.5,23.7,"7.3","7","91.3","16.3",35.3,12.8,44,"102.05460686","95.451719446",19.7,49.4,50.6,80.3,29.2,49.5
"Wells, Austin","669224","2024","13",21,".395",".242",".429",".315",".339",".339",".187",72.5,22.5,15.7,11.6,30.4,22.5,"7.4","13","88.4","17.1",34.5,9.1,38.9,"99.723567259","94.070969368",19.9,48.3,51.2,79.9,27.3,49.3
"Smith, Will","669257","2024","20",19.3,".433",".242",".446",".326",".334",".325",".204",67.9,3.3,11.1,9,33.6,27.1,"7.2","28","89.4","18.7",38.3,10.8,42,"99.318269153","93.929159392",15.5,34.2,65.8,84.5,20.9,46.2
"Espinal, Santiago","669289","2024","9",13.8,".356",".258",".344",".285",".288",".307",".087",66.5,2.8,6.7,5.7,35.5,30.2,"7.3","8","85.9","15",35,1.9,24.1,"94.957566883","91.492088339",9.4,28.8,70.2,90.2,14.8,49
"Miranda, Jose","669304","2024","9",15.4,".441",".259",".399",".328",".306",".300",".140",71,15.6,13.4,10.8,36,29,"7.6","25","88.9","15.5",33.9,5.9,38.9,"99.359747765","93.786600855",12.6,40,60,87.4,22.5,52.3
"Gorman, Nolan","669357","2024","19",37.6,".400",".209",".433",".290",".307",".278",".223",73.2,30.3,14.1,9.4,26.1,17.3,"7.5","15","88.5","20.3",40.3,16.7,38.6,"100.727790741","94.443953953",29,62.3,37.7,70.7,38.7,51
"Edwards, Xavier","669364","2024","1",17.2,".423",".252",".321",".359",".296",".333",".069",64.5,0.2,5.1,4.3,37.4,31.5,"6.3","14","86.1","6.7",37.6,1.8,24.3,"95.052217333","91.536547476",12.7,28.6,67.3,86.5,16.9,47.5
"Burger, Jake","669394","2024","29",25.9,".460",".256",".476",".325",".338",".307",".221",74.7,46.9,20.2,14.4,33.4,23.9,"7.5","17","91.3","13",32.4,12.3,46.8,"103.619986856","96.171144407",18.9,49.4,50.6,81.1,30.1,52.4
"Smith, Josh","669701","2024","13",20.4,".394",".242",".352",".323",".304",".324",".110",70.1,6.8,11.8,9.2,35.7,27.8,"6.8","10","87.8","15.4",33.7,3.7,37.1,"98.306997711","93.25999596",14.9,40.9,58.1,84,21.8,47.1
"Triolo, Jared","669707","2024","9",26.5,".315",".224",".332",".275",".289",".307",".108",70.5,6.2,12.8,9.7,30.3,22.8,"7.8","19","88.4","13.4",38.8,5.3,39.1,"99.388421871","93.892534424",19.6,49.5,50.5,79.6,27.4,47.7
"Toglia, Michael","669911","2024","25",32.1,".456",".244",".503",".329",".358",".334",".259",73.2,29.3,18.5,12.5,31.8,21.4,"7.5","21","92.1","15.1",39.2,17.3,50.2,"102.673791797","96.069366471",22.5,59.7,39.9,77.5,34.9,45.1
"Lopez, Nicky","670032","2024","1",15.1,".294",".227",".288",".275",".268",".299",".062",64.2,0.5,3.1,2.5,39.7,32.3,"6.7","16","85","5.6",30,1.5,16.9,"94.065401402","91.042138226",13.5,34.2,64.9,86,19.4,48.5
"Raley, Luke","670042","2024","22",29.7,".463",".220",".418",".339",".316",".301",".198",75,50.8,16.8,11.4,27,18.4,"7.2","16","90.1","13.5",31.5,11,41.8,"101.696067615","95.042152538",23.6,64.4,34.7,76.2,34.5,51.8
"Alvarez, Yordan","670541","2024","35",15,".567",".303",".595",".402",".411",".389",".292",76.6,63.2,22.4,18.2,34,27.7,"7.6","1","93.1","18.3",35.4,14.5,49.7,"104.097105087","96.703519522",11.1,36.5,63.5,88.5,19.9,47.8
"Paredes, Isaac","670623","2024","19",16.4,".393",".220",".337",".327",".304",".333",".117",68.2,4.8,6.5,5.4,29,24.3,"8","13","85","22.4",37,4.5,27.1,"95.875582928","91.952619865",11,31.1,68.9,89,17.2,44.7
"Friedl Jr., TJ","670770","2024","13",15.2,".380",".228",".318",".305",".292",".318",".090",70.5,7.8,10.1,8.4,35.1,29.1,"6.8","11","86","16.7",29.9,3.2,31.5,"96.990036","92.527458326",11,36.7,63.3,88.5,17.9,43.4
"Ramos, Heliot","671218","2024","22",26.1,".469",".250",".481",".339",".338",".307",".230",75.2,55.3,18.3,13.7,29.8,22.3,"6.9","28","91.5","10.4",34.3,14.5,47.5,"102.620742924","95.895956716",18.3,51.9,48.1,81.7,28.7,50.3
"García, Luis","671277","2024","18",16.3,".444",".278",".452",".328",".331",".315",".174",71.7,22.7,16.1,12.8,35.2,28,"7.3","10","89.1","8.2",32.8,8,41.7,"100.167127696","94.249397672",12.6,36.4,62.7,86.8,21.3,51.7
"Freeman, Tyler","671289","2024","7",13.8,".321",".236",".338",".283",".302",".329",".102",71.7,17.4,13.7,11.6,36,30.5,"7.2","5","87.7","13",30.7,3.2,34.6,"98.573015071","93.423975986",10.1,30.3,68.2,89.5,16.4,46.9
"Butler, Lawrence","671732","2024","22",23.9,".490",".261",".471",".345",".342",".319",".210",74.2,43.6,17.6,13.1,32.1,23.9,"7.1","12","91.1","11.3",35.1,11,47.4,"101.824301046","95.302256275",19.6,44.7,55.3,80.3,26.9,47.7
"Harris II, Michael","671739","2024","16",20,".418",".284",".461",".312",".344",".326",".177",74.7,48.1,19.6,15.1,30.5,23.4,"8.1","11","90.5","7.5",33.5,10,47,"103.329018908","96.053474224",18.4,37.7,62,81.5,25.1,55.1
"Bailey, Patrick","672275","2024","8",22.3,".339",".258",".398",".281",".319",".324",".141",71.3,13.2,15.6,12.1,36.2,28.1,"7.3","9","91.3","12.1",37.9,5.5,43,"100.739347483","94.770639073",15.6,46.3,53.2,84,23.4,48.1
"Siani, Michael","672279","2024","2",27.5,".285",".205",".265",".257",".243",".265",".059",68.9,5.9,6.8,4.9,32.2,23.1,"7.2","14","84.4","5.1",32.6,2.3,22.6,"95.786961649","91.898789433",23.3,46.7,50.9,74.6,29.5,48.9
"Kelenic, Jarred","672284","2024","15",29.6,".393",".241",".412",".294",".308",".296",".171",72.7,24.8,16.5,11.1,34.8,23.5,"7.3","18","89.8","16",38.2,9.9,45.2,"100.297571631","94.504780603",23.3,57.8,41.8,76.7,33.4,49.9
"Kirk, Alejandro","672386","2024","5",13.2,".359",".257",".392",".297",".324",".332",".134",70.1,12.2,14.2,12.2,36.7,31.6,"7","8","89.4","10.8",34.6,6.7,40.9,"99.802023893","94.269440505",9.8,28.7,71.3,90.2,15.7,46.6
"Moreno, Gabriel","672515","2024","5",14.8,".380",".255",".384",".325",".325",".345",".130",70.7,13,14.9,12.1,36.1,29.2,"7","7","90","8.8",33.6,6.6,41,"99.887726484","94.221263359",15,29.1,70.9,85,18.5,41.2
"Garcia, Maikel","672580","2024","7",16.5,".332",".260",".366",".270",".300",".310",".106",70.8,10.8,16.1,14,41,35.6,"7.2","12","90.4","6.4",34.1,3.7,42.8,"100.050927426","94.39492241",10.9,31.4,67.8,88.5,15.7,43.4
"Lopez, Otto","672640","2024","6",17.3,".377",".274",".394",".302",".313",".317",".120",70.7,14,14.2,11.2,37.9,30,"6.6","19","88","5.4",30.4,5.1,38.9,"99.482984485","93.902266182",12.4,43.3,56.7,87.1,21.9,51.4
"Perdomo, Geraldo","672695","2024","3",14.9,".374",".231",".314",".317",".281",".307",".083",66.9,2.2,7.6,6.6,38.4,33.6,"6.8","11","87","16.9",28.9,3.1,25.8,"96.084793623","92.044093913",7.8,27.5,71.1,89.6,12.2,40.5
"Pérez, Wenceel","672761","2024","9",21.6,".383",".241",".354",".299",".291",".300",".113",70.3,9,8.8,7,31.9,25.2,"6.9","4","88.4","18",37.7,4.3,30.6,"97.264471429","92.757975085",15.2,33.3,66.7,84.2,20.9,46.1
"Sosa, Lenyn","672820","2024","8",20.9,".359",".278",".419",".280",".316",".309",".141",71.7,17,12.5,10.1,33.3,26.9,"7.4","6","89","12.3",42.2,6.1,41.2,"99.355197445","93.909530839",13,32.4,67.6,86.8,19.8,52.7
"Diaz, Yainer","673237","2024","16",17.3,".441",".299",".458",".329",".339",".327",".159",72.6,23.7,17.1,13.2,34.4,26.5,"7.4","17","90.2","8.9",35,7.6,47.5,"101.297056214","95.034359505",13.6,40.2,59.8,86.4,24,58.8
"Robert Jr., Luis","673357","2024","14",33.2,".379",".210",".364",".285",".277",".267",".154",74.5,47.6,15.6,10.5,28.2,19,"7.7","12","90.1","13.5",35.6,9.9,40.7,"101.232868968","94.886076944",23.4,58.4,41.6,76.6,36.1,53.1
"Kim, Ha-Seong","673490","2024","11",16.4,".370",".245",".352",".308",".313",".344",".107",69,7.7,13.3,11.2,36.3,30.6,"6.8","7","87.9","15.1",36.6,4.8,35.4,"98.621780994","93.412597329",13.4,24.9,74.6,86.4,16.1,38
"Suzuki, Seiya","673548","2024","21",27.4,".482",".255",".453",".365",".346",".343",".198",73,35,18,13.8,33.4,25.7,"7.2","17","91.7","16.2",38.8,11.5,49.2,"102.565369326","95.834191408",16.6,46.1,53.9,83.4,24.5,39.6
"Westburg, Jordan","676059","2024","18",21.7,".481",".281",".491",".340",".353",".328",".210",71,10.8,16.6,11.9,37.5,27.1,"6.8","17","91.1","13.1",37.4,11.8,46.1,"101.801873375","95.272487",20.7,49.6,50.4,79.3,29.3,51
"DeLuca, Jonny","676356","2024","6",21.3,".331",".230",".318",".269",".272",".289",".088",70.8,11,8,6.2,26.1,20.3,"7.6","11","84.6","16.2",32.7,3.9,28,"96.24111608","92.14905868",17,36.1,62.8,82.3,24,53.8
"Clement, Ernie","676391","2024","12",9.1,".408",".252",".373",".297",".282",".275",".121",66.8,1,6.9,6.1,41.7,36.9,"6.8","13","85.5","16.3",34.3,3.8,24.9,"95.659056327","91.830379974",9.4,22.9,76.8,90,14.4,57
"Burleson, Alec","676475","2024","21",12.8,".420",".273",".435",".319",".329",".320",".162",71.2,18,13.3,11.1,37.1,31,"7.5","11","89.7","13.6",34.3,6.5,41.7,"99.381927173","94.012155751",13.3,32,68,86.5,19.2,55.7
"Caballero, José","676609","2024","9",27.5,".347",".217",".315",".277",".267",".276",".098",69.7,15.6,8.9,6.5,28.2,20.6,"7","18","83.7","15.9",33.8,5.1,25.2,"96.196185563","92.133024917",17.9,47.9,50.4,81.3,28.9,50
"Meyers, Jake","676694","2024","13",22.8,".360",".235",".382",".285",".304",".303",".147",68.6,7.8,10.6,8,31.6,23.8,"7","31","88.2","14.4",34.8,6.8,37,"99.317270058","93.726741906",15.9,49.8,49.8,83.2,27,49.1
"Schneider, Davis","676914","2024","13",31.7,".343",".198",".358",".277",".292",".292",".160",69.8,6.1,10.4,7.6,30.1,22,"6.9","25","88.6","21.4",38,12,38,"98.986742636","93.569243488",22.5,51.5,48.5,77.5,30.6,42.5
"Rocchio, Brayan","677587","2024","8",20.4,".316",".210",".302",".276",".275",".302",".092",69.5,3.2,7.9,6.1,30.8,23.8,"7.3","10","84.6","9.4",36,4,22.3,"95.744136806","91.872068403",16.6,39.6,57.7,80.6,24.3,47.9
"Rodríguez, Julio","677594","2024","20",25.4,".409",".275",".463",".321",".344",".327",".187",76.3,63.4,20.6,14.5,29.6,20.8,"7.9","30","91.7","10.5",33.2,10.2,48.4,"103.553687536","96.325344116",21.3,46.8,53.2,78.7,30.9,54.3
"Abreu, Wilyer","677800","2024","15",28,".459",".229",".418",".336",".317",".304",".190",74.6,44.6,16,11.8,30.7,22.6,"7.4","17","91.6","19.2",33.7,11.1,50.5,"101.945020507","95.552365543",23.1,45,55,76.4,29.6,48.1
"Witt Jr., Bobby","677951","2024","32",15,".588",".315",".577",".410",".407",".378",".262",74.7,48.2,20.3,15.9,34.8,27.4,"7.1","16","92.7","15.1",35.7,14.3,48.3,"103.972880446","96.499868141",15.2,36.7,63.3,84.8,22.3,51.2
"Tovar, Ezequiel","678662","2024","26",28.8,".469",".233",".401",".324",".289",".264",".168",71.3,18.9,11.8,8,30.6,20.9,"7.5","17","88.8","18.9",38.5,9,39.8,"99.306485852","93.964016332",21.9,53.5,45.6,77.7,33.5,62.3
"Rafaela, Ceddanne","678882","2024","15",26.4,".390",".229",".368",".286",".273",".259",".139",70.1,6.8,11.5,7.9,30.5,20.9,"7.5","24","86.6","14.9",34.9,7.5,36.9,"98.205036294","93.166643181",24.3,46.7,52.7,75,33,61.9
"Rojas, Johan","679032","2024","3",19,".322",".225",".292",".265",".250",".262",".067",71.3,20.9,12.5,9.7,32.2,24.9,"7.3","12","85.7","4.8",22,2.5,27.4,"97.163679462","92.590351731",15.7,35,62,81.4,22.7,48.8
"Torkelson, Spencer","679529","2024","10",27.6,".374",".209",".351",".295",".283",".286",".142",73.6,28.9,12,9,26,19.5,"7.5","11","89","20.2",31.5,6.7,39.7,"99.687498067","94.009349451",17.7,54.3,45.7,82.3,26.6,46
"Schuemann, Max","680474","2024","7",25.9,".308",".222",".338",".281",".296",".315",".116",68.3,2.1,8.8,6.5,38.7,28.4,"6.7","15","89","16.6",39.5,5.6,37.4,"97.729409209","93.097394065",21.3,50.5,49,77,28.5,42.5
"Palacios, Richie","680700","2024","5",21.2,".318",".249",".342",".303",".325",".369",".093",68.9,4.2,8.5,6.6,29.6,22.9,"7","9","86.2","14",36.4,3.5,30.3,"96.843483131","92.444278274",18.2,43.8,55.6,81.8,24.7,46.7
"Kwan, Steven","680757","2024","14",9.4,".425",".284",".385",".349",".333",".361",".101",64.4,0.4,5.9,5.5,41.9,38.8,"6.4","8","86.3","14.9",38.5,2.6,23.7,"95.04543782","91.531639359",4.3,20.4,79.6,95.3,8.2,39.1
"Duran, Jarren","680776","2024","21",21.8,".492",".275",".453",".357",".342",".334",".178",73.6,36.4,17.9,13.8,30.2,23.3,"7.6","21","90.8","9.5",33.8,9.3,43.9,"101.928155512","95.341113209",15.7,47.1,52.6,84.1,24.8,48.3
"Jeffers, Ryan","680777","2024","21",20.2,".432",".226",".386",".317",".304",".302",".160",72.9,34.1,13.3,10.5,27.4,21.6,"7.5","23","86.9","16.2",31.7,8.3,33.8,"99.008221173","93.57098291",16,36.6,63.1,84,23.6,48.5
"Gelof, Zack","680869","2024","17",34.4,".362",".199",".347",".276",".271",".262",".148",71.6,11.7,12,7.8,30.4,19.8,"7.3","23","89.2","14.2",34.4,8.8,37.2,"98.970921935","93.611147032",26.1,62.8,36.8,73.5,36.4,51.5
"Donovan, Brendan","680977","2024","14",12.4,".417",".277",".419",".332",".335",".343",".142",69.6,7.2,13.8,12,40.5,35.2,"6.9","14","88.7","13.2",36.6,5.5,37.6,"98.552237391","93.418618597",8.6,33.6,65.7,90.7,15.1,44.2
"Stott, Bryson","681082","2024","11",16.3,".356",".254",".363",".296",".306",".325",".109",68.2,1.9,8.8,7.5,34.8,29.7,"7.1","22","87","14",35.3,3.6,30.8,"97.149266143","92.631038831",13.3,25,74.4,86.3,17,44.1
"Cowser, Colton","681297","2024","24",30.7,".447",".230",".437",".331",".326",".312",".207",73.8,40.7,17,12.4,31,22.7,"6.9","23","90.5","13",32.1,13.6,46.1,"101.838992303","95.374243739",20.1,56.7,43.3,79.2,30.4,44.5
"O'Hoppe, Logan","681351","2024","20",29.7,".409",".251",".454",".311",".331",".310",".203",70.7,17.4,14.6,10.1,32.9,22.7,"7.3","41","90.4","15.3",42.9,12,46.3,"101.233350982","95.0870388",22.7,54.3,45.7,77.3,33.6,52
"Pages, Andy","681624","2024","13",24.4,".407",".251",".422",".310",".321",".311",".171",73.1,28.1,14.2,10.7,27.9,21,"7.7","11","88.6","20.8",40.8,10.7,40.1,"100.310081745","94.262423423",19.5,41.6,58.4,80.5,26.1,51
"Fry, David","681807","2024","14",21.4,".448",".246",".394",".347",".326",".344",".149",70.5,9.2,12.7,9.9,29.3,22.9,"7.8","20","88.3","19.6",36.9,7.5,37.6,"99.146678031","93.715471417",16.2,46,54,83.8,24.8,49.2
"Alvarez, Francisco","682626","2024","11",25.1,".403",".220",".358",".310",".289",".292",".139",73.6,37.9,16.3,11.8,31.1,22.6,"7.2","11","88.8","6.9",27.2,6.7,42,"101.298215536","94.784205516",20.6,48.7,51.3,79.4,29.6,46.1
"De La Cruz, Elly","682829","2024","25",31.3,".471",".240",".428",".349",".328",".322",".188",75.2,54,19.1,13.4,31.8,22.2,"7.3","31","91.8","9.7",35.7,12.7,45.7,"102.95535404","95.90272362",23.2,54.2,45.3,75.6,33.4,43.4
"Abrams, CJ","682928","2024","20",21.3,".433",".247",".409",".322",".319",".318",".161",72.2,23.9,13.5,10.4,31.9,24.7,"7.5","32","88.2","15.1",33,6.9,40.7,"99.496479615","93.910198048",18.4,37.7,62.1,81.3,24.7,53.3
"Greene, Riley","682985","2024","24",26.7,".479",".253",".477",".355",".353",".341",".224",74.6,45.3,16.9,12.5,30.6,22.7,"7.2","7","91.3","12.2",39.1,13.4,47.1,"102.088081676","95.54007409",19.4,45.8,54.2,80.6,26.8,44.3
"Carroll, Corbin","682998","2024","22",19,".428",".241",".391",".325",".324",".334",".150",73.7,36.9,18.4,14.6,34.9,27.7,"7","5","89.3","12",27.8,7.2,40.8,"101.055665665","94.755672366",13,36.1,62.8,85.8,20.3,41.4
"Henderson, Gunnar","683002","2024","37",22.1,".529",".283",".492",".381",".374",".368",".208",76.3,64,22.6,17.6,32.1,25.1,"7.2","20","92.8","9.2",34.5,11.2,53.9,"104.002332911","96.835723291",17.5,42.8,57.2,82.5,24.4,44.2
"Volpe, Anthony","683011","2024","12",22.6,".364",".238",".332",".287",".278",".291",".094",69.5,4.7,10.8,8.5,33.2,26.2,"7.1","29","87.7","8.4",33.3,3.9,35.4,"98.177841555","93.206482989",16.5,37.4,61.8,82.4,22.6,48.1
"Vaughn, Andrew","683734","2024","19",21.3,".402",".244",".440",".304",".319",".297",".197",70.8,12,16.2,12.9,35.4,28.3,"7.6","12","90.3","16.6",33.6,9.3,43.3,"100.921632928","94.702971332",11.8,41.6,58.4,88.2,22,49.4
"Busch, Michael","683737","2024","21",28.6,".440",".217",".418",".336",".319",".309",".202",70.3,11.3,13.3,9.6,35,25.2,"7.3","18","89.9","17.2",36.4,11.2,39.9,"99.992212321","94.35127744",20.2,51.1,48.2,79.6,28.4,45.2
"Frelick, Sal","686217","2024","2",14.9,".335",".246",".304",".292",".278",".308",".058",66.3,2.6,6,5.3,36.1,31.7,"6.9","10","83.4","9.7",30,0.8,19.5,"94.439757846","91.272403907",8.1,23.8,76.2,91.2,12.9,41.5
"Pasquantino, Vinnie","686469","2024","19",12.8,".446",".266",".438",".325",".331",".322",".172",71.8,20.7,16.1,13.9,36.8,31.7,"7.4","12","91","14.6",31.9,7.1,46.5,"100.997993151","94.970921142",7.5,28.4,71.6,91.9,14.5,47.8
"Doyle, Brenton","686668","2024","23",25.4,".446",".254",".437",".328",".329",".315",".183",70.9,8.1,15.2,10.8,34.3,24.3,"7.4","20","89.2","13.2",37.4,10.5,41.4,"100.983223096","94.67619269",18.2,56.5,42.9,81.1,29.8,51.4
"Lee, Korey","686676","2024","12",31,".347",".212",".338",".257",".256",".246",".126",71.4,14.1,14.2,9.1,30.1,19.4,"7.2","16","88.3","9.6",34.1,7.5,37.6,"99.5141412","93.7992936",28.5,58.6,41.4,71,37.1,58.9
"Massey, Michael","686681","2024","14",15.7,".449",".258",".414",".317",".309",".295",".156",70.8,8.3,11.9,10,35.5,29.8,"7.2","6","89.2","16.8",34.4,7.1,36.9,"98.396031151","93.36810777",8.7,33.9,66.1,91.3,17.9,52
"Brennan, Will","686823","2024","8",13.6,".388",".269",".374",".303",".302",".314",".105",69,3.2,9.7,8.1,34.1,28.5,"6.9","22","86","13.3",31.1,4.6,32.5,"97.132881418","92.582691388",13,30,70,86.6,18.1,54.8
"Neto, Zach","687263","2024","23",23.3,".443",".236",".414",".330",".317",".307",".178",71,14.7,13.9,10.4,33.8,25.4,"7.1","37","88.5","12.3",29,8.4,38.8,"100.130832864","94.28058907",17.8,45.8,53.4,81.7,27.1,48.9
"Ortiz, Joey","687401","2024","11",20.2,".398",".234",".343",".319",".305",".328",".109",73.4,34.8,12.4,10.5,26.5,22.5,"7.5","8","87.8","9.9",26.6,4.6,38.4,"99.391509467","93.766433018",9.9,33.3,66.7,89.8,17.1,39.4
"Horwitz, Spencer","687462","2024","12",18.4,".433",".254",".419",".344",".338",".349",".165",69.5,9.5,11.1,9.1,33.5,27.3,"7","10","88.2","13.7",37.4,8,36.6,"98.212716794","93.175509618",15.5,29.6,70.4,84.5,19.4,46
"Keith, Colt","690993","2024","13",19.8,".380",".266",".393",".301",".311",".316",".126",71.3,14.8,12.5,9.7,35,27.2,"6.7","14","87.8","11.3",34.6,5.6,35.3,"98.472613627","93.330372181",13.4,44.4,55.6,86.6,23.2,48.6
"Winn, Masyn","691026","2024","15",17.1,".416",".256",".358",".315",".293",".305",".102",70.2,11.5,12,9.9,32.2,26.5,"7.3","14","87","13.2",33.5,3.7,32.7,"98.144268452","93.085870398",13,32.2,67.6,86.1,19,47
"Crow-Armstrong, Pete","691718","2024","10",23.9,".384",".223",".367",".289",".281",".275",".144",70.6,8,12.5,8.8,33.7,23.7,"7.2","10","88.9","17.2",33.3,7.4,36.8,"98.797836565","93.630440766",24.6,40.4,57.9,73.2,29.9,60.7
"Gonzales, Nick","693304","2024","7",19.1,".398",".270",".407",".307",".317",".314",".136",71.1,12.9,14,10.8,32.8,25.4,"7.3","16","87.9","13",34.1,7.9,36.9,"98.826293958","93.505191185",17.4,42.3,57.7,82.6,24.9,56.2
"Chourio, Jackson","694192","2024","21",21.1,".464",".274",".430",".339",".328",".326",".156",73.2,34,17.9,13.5,34.5,26,"7.4","22","89.7","7.6",33.2,7.8,44.9,"100.832969557","94.831073407",17.3,47,53,82.6,27.1,48.8
"Schanuel, Nolan","694384","2024","13",17,".362",".258",".359",".315",".321",".351",".101",65.2,2.4,5.6,4.9,36.6,31.8,"6.6","13","86.1","10.3",36.4,3.5,25.4,"95.305191333","91.662606993",10,27.3,71.9,89.5,14.4,41.8
"Langford, Wyatt","694671","2024","16",20.6,".415",".257",".427",".321",".331",".330",".170",74.5,48.2,18.4,14.2,31.7,24.4,"7","8","89.6","16.6",31.3,9.3,43.4,"101.211098854","94.807365599",16.8,38.5,61.5,83.2,22.9,42.8
"Wood, James","695578","2024","9",28.9,".427",".269",".439",".342",".351",".359",".170",73.9,44.3,21.2,15.5,33.1,24.2,"7.4","17","92.8","2.4",31.3,10.6,52,"104.677013333","97.028448782",20,55.1,44.9,80,29.6,38.2
"Young, Jacob","696285","2024","3",19.6,".331",".253",".317",".290",".286",".314",".064",68.2,1.4,8.9,7.4,35.7,29.4,"6.9","20","85.8","4",28.1,1.6,28.9,"96.872142235","92.486924676",12.1,36.6,59.1,84.8,19.3,44.9
"Merrill, Jackson","701538","2024","24",17,".500",".303",".534",".352",".372",".337",".231",72.2,21.3,15.2,12.3,30.4,24.6,"7.5","30","90.4","14.6",39.6,11.3,43.9,"100.811784978","94.735707484",13.8,35.5,64.2,85.8,20.5,56.9
"Yoshida, Masataka","807799","2024","10",12.4,".415",".258",".394",".336",".322",".331",".136",70.9,15.2,13.3,11.7,34.1,30.1,"7.3","4","88","10.5",36.3,5.5,37.5,"99.0909025","93.581912866",8.7,30.6,69.4,91.3,14.6,45.4